first_name,last_name,address_line1,address_line2,city,state,zip
James,Butt,6649 N Blue Gum St,Apt. 2,New Orleans,LA,70116
Josephine,Darakjy,4 B Blue Ridge Blvd,,Brighton,MI,48116
Art,Venere,8 W Cerritos Ave #54,,Bridgeport,NJ,80014
Lenna,Paprocki,639 Main St,,Anchorage,AK,99501
Donette,Foller,34 Center St,,Hamilton,OH,45011
Simona,Morasca,3 Mcauley Dr,pdf,Ashland,OH,44805
Mitsue,Tollner,7 Eads St,,Chicago,IL,60632
Leota,Dilliard,7 W Jackson Blvd,,San Jose,CA,95111
Sage,Wieser,5 Boston Ave #88,pdf,Sioux Falls,SD,57105
Kris,Marrier,228 Runamuck Pl #2808,,Baltimore,MD,21224
Minna,Amigon,2371 Jerrold Ave,,Kulpsville,PA,19443
Abel,Maclead,37275 St  Rt 17m M,,Middle Island,NY,11953
Kiley,Caldarera,25 E 75th St #69,,Los Angeles,CA,90034
Graciela,Ruta,98 Connecticut Ave Nw,df,Chagrin Falls,OH,44023
Cammy,Albares,56 E Morehead St,,Laredo,TX,78045
Mattie,Poquette,73 State Road 434 E,,Phoenix,AZ,85013
Meaghan,Garufi,69734 E Carrillo St,,Mc Minnville,TN,37110
Gladys,Rim,322 New Horizon Blvd,pdf,Milwaukee,WI,53207
Yuki,Whobrey,1 State Route 27,,Taylor,MI,48180
Fletcher,Flosi,394 Manchester Blvd,,Rockford,IL,61109
Bette,Nicka,6 S 33rd St,,Aston,PA,19014
Veronika,Inouye,6 Greenleaf Ave,,San Jose,CA,95111
Willard,Kolmetz,618 W Yakima Ave,pdf,Irving,TX,75062
Maryann,Royster,74 S Westgate St,,Albany,NY,12204
Alisha,Slusarski,315 Merf Blvd,,Garden,NJ,88456